date,open,high,close,low,volume,price_change,p_change,ma5,ma10,ma20,v_ma5,v_ma10,v_ma20,turnover
2021-02-02,19.08,19.09,18.17,17.93,38469.36,-0.97,-5.07,19.372,19.589,19.307,38819.29,33975.09,34897.47,3.34
2021-02-01,19.96,19.96,19.14,18.82,46887.0,-1.12,-5.53,19.63,19.855,19.443,36462.99,36298.64,34126.45,4.07
2021-01-29,18.91,20.31,20.26,18.63,48551.02,0.94,4.87,19.652,19.924,19.537,32527.39,36273.24,33152.0,4.22
2021-01-28,19.81,20.17,19.32,19.19,29011.01,-0.65,-3.25,19.538,19.761,19.559,28313.8,34930.28,31839.69,2.52
2021-01-27,19.44,20.39,19.97,18.91,31178.04,0.51,2.62,19.722,19.614,19.616,27914.1,34030.81,31368.34,2.71
2021-01-26,19.28,20.09,19.46,19.18,26687.87,0.21,1.09,19.806,19.412,19.651,29130.89,33735.5,31292.32,2.32
2021-01-25,19.68,19.8,19.25,18.61,27209.01,-0.44,-2.23,20.08,19.332,19.7,36134.29,34023.5,31760.02,3.24
2021-01-22,20.11,20.29,19.69,19.6,27483.08,-0.55,-2.72,20.196,19.228,19.823,40019.09,33850.91,31498.77,3.27
2021-01-21,20.19,20.67,20.24,19.8,27012.51,-0.15,-0.74,19.984,19.181,19.925,41546.76,34944.11,32425.33,3.22
2021-01-20,20.75,21.09,20.39,19.93,37262.0,-0.44,-2.11,19.506,19.062,20.044,40147.53,36362.74,32304.11,4.44
2021-01-19,19.79,21.1,20.83,19.64,61704.87,1.0,5.04,19.018,19.025,20.155,38340.11,35819.85,31790.46,7.35
2021-01-18,18.6,19.87,19.83,18.48,46633.0,1.2,6.44,18.584,19.03,20.249,31912.7,31954.27,29714.06,5.56
2021-01-15,17.86,18.78,18.63,17.71,35121.43,0.78,4.37,18.26,19.149,20.391,27682.73,30030.77,28803.75,4.19
2021-01-14,17.96,18.24,17.85,17.56,20016.33,-0.1,-0.56,18.378,19.356,20.619,28341.46,28749.1,28322.12,2.39
2021-01-13,18.62,18.66,17.95,17.82,28224.92,-0.71,-3.81,18.618,19.618,20.884,32577.95,28705.87,28473.76,3.36
2021-01-12,18.23,19.31,18.66,18.11,29567.84,0.45,2.47,19.032,19.889,21.167,33299.59,28849.13,28883.97,3.52
2021-01-11,19.06,19.16,18.21,18.2,25483.15,-1.01,-5.25,19.476,20.068,21.401,31995.83,29496.55,30761.83,3.04
2021-01-08,19.05,19.49,19.22,18.05,38415.05,0.17,0.89,20.038,20.418,21.786,32378.8,29146.63,33125.95,4.58
2021-01-07,20.0,20.04,19.05,18.88,41198.8,-0.97,-4.84,20.334,20.668,22.065,29156.74,29906.56,32705.85,4.91
2021-01-06,20.73,20.85,20.02,20.02,31833.1,-0.86,-4.12,20.618,21.025,22.332,24833.78,28245.48,32804.66,3.79
2021-01-05,21.02,21.08,20.88,20.6,23049.05,-0.14,-0.67,20.746,21.284,22.597,24398.67,27761.07,32493.75,2.75
2021-01-04,20.69,21.19,21.02,20.52,27398.01,0.32,1.55,20.66,21.468,22.818,26997.26,27473.86,33183.4,3.26
2020-12-31,20.69,21.09,20.7,20.31,22304.73,0.23,1.12,20.798,21.633,23.08,25914.46,27576.72,32897.7,2.66
2020-12-30,20.98,20.98,20.47,20.31,19584.0,-0.19,-0.92,21.002,21.881,23.366,30656.37,27895.15,33470.21,2.33
2020-12-29,20.59,21.28,20.66,20.4,29657.57,0.21,1.03,21.432,22.15,23.661,31657.18,28241.66,35531.2,3.53
2020-12-28,21.01,21.49,20.45,20.4,36042.0,-1.26,-5.8,21.822,22.445,24.013,31123.46,28918.82,36184.85,4.29
2020-12-25,21.19,21.98,21.71,21.16,21984.0,-0.01,-0.05,22.276,22.733,24.372,27950.46,32027.12,36399.3,2.62
2020-12-24,22.47,22.48,21.72,20.51,46014.29,-0.9,-3.98,22.468,23.154,24.704,29238.98,37105.27,37628.05,5.48
2020-12-23,22.61,23.09,22.62,22.36,24588.02,0.01,0.04,22.76,23.461,25.053,25133.93,35505.14,38009.13,2.93
2020-12-22,23.0,23.15,22.61,22.55,26989.0,-0.11,-0.48,22.868,23.639,25.41,24826.15,37363.84,39272.29,3.22
2020-12-21,22.67,23.15,22.72,22.5,20177.0,0.05,0.22,23.068,23.91,25.788,26714.17,37226.44,41707.43,2.4
2020-12-18,23.17,23.17,22.67,22.48,28426.61,-0.51,-2.2,23.19,24.168,26.213,36103.77,38892.94,45643.55,3.39
2020-12-17,23.17,23.42,23.18,22.67,25489.0,0.02,0.09,23.84,24.527,26.652,44971.55,38218.68,51737.85,3.04
2020-12-16,23.41,23.65,23.16,22.99,23049.13,-0.45,-1.91,24.162,24.85,27.124,45876.35,39045.28,56813.74,2.75
2020-12-15,22.81,23.96,23.61,22.75,36429.11,0.28,1.2,24.41,25.172,27.449,49901.53,42820.75,58832.29,4.34
2020-12-14,25.82,25.82,23.33,23.33,67125.02,-2.59,-9.99,24.752,25.581,27.678,47738.7,43450.88,60501.38,8.0
2020-12-11,25.05,26.11,25.92,24.98,72765.5,1.13,4.56,25.146,26.01,28.042,41682.1,40771.47,60767.94,8.67
2020-12-10,24.17,24.88,24.79,23.92,30013.0,0.39,1.6,25.214,26.253,28.277,31465.8,38150.82,60695.8,3.58
2020-12-09,25.35,25.35,24.4,24.15,43175.0,-0.92,-3.63,25.538,26.644,28.567,32214.2,40513.12,64402.56,5.14
2020-12-08,25.34,25.85,25.32,25.25,25615.0,0.02,0.08,25.934,27.181,28.788,35739.97,41180.74,65171.61,3.05
2020-12-07,26.1,26.1,25.3,25.28,36842.02,-0.96,-3.66,26.41,27.666,28.963,39163.05,46188.42,68412.63,4.39
2020-12-04,26.3,26.48,26.26,26.01,21684.0,-0.15,-0.57,26.874,28.257,29.091,39860.84,52394.16,70029.05,2.58
2020-12-03,26.3,26.6,26.41,25.88,33754.99,0.03,0.11,27.292,28.777,29.12,44835.84,65257.01,70761.5,4.02
2020-12-02,27.4,27.7,26.38,26.19,60803.83,-1.32,-4.76,27.75,29.398,29.14,48812.05,74582.19,71221.51,7.25
2020-12-01,28.1,28.4,27.7,27.3,42730.4,0.08,0.29,28.428,29.725,29.097,46621.51,74843.83,69695.61,5.09
2020-11-30,28.2,28.35,27.62,27.6,40331.0,-0.73,-2.58,28.922,29.775,29.012,53213.79,77551.89,69053.48,4.81
2020-11-27,28.7,28.91,28.35,28.18,46559.0,-0.35,-1.22,29.64,30.074,28.916,64927.47,80764.41,69224.23,5.55
2020-11-26,29.7,29.7,28.7,28.5,53636.0,-1.07,-3.59,30.262,30.301,28.828,85678.18,83240.78,69676.37,6.39
2020-11-25,29.0,30.1,29.77,29.0,49851.14,-0.4,-1.33,31.046,30.49,28.752,100352.34,88292.0,70393.62,5.94
2020-11-24,30.77,31.19,30.17,29.62,75691.79,-1.04,-3.33,31.022,30.395,28.583,103066.14,89162.49,69737.95,9.02
2020-11-23,32.35,32.35,31.21,29.99,98899.42,-0.25,-0.8,30.628,30.26,28.379,101889.99,90636.83,67433.67,11.79
2020-11-20,32.42,33.33,31.46,30.55,150312.55,-1.16,-3.56,30.508,29.925,28.093,96601.34,87663.94,63696.9,17.91
2020-11-19,30.0,32.62,32.62,29.4,127006.81,2.97,10.02,30.34,29.463,27.78,80803.38,76265.98,57670.98,15.13
2020-11-18,28.36,30.15,29.65,28.28,63420.14,1.45,5.14,29.934,28.882,27.453,76231.65,67860.82,52970.32,7.56
2020-11-17,30.0,30.3,28.2,28.19,69811.01,-2.41,-7.87,29.768,28.468,27.289,75258.83,64547.4,53350.41,8.32
2020-11-16,31.15,31.46,30.61,30.11,72456.19,-0.01,-0.03,29.892,28.248,27.161,79383.68,60555.08,52713.48,8.63
2020-11-13,30.32,30.94,30.62,29.62,71322.73,0.03,0.1,29.342,27.757,26.923,78726.53,57684.06,53227.88,8.5
2020-11-12,28.82,31.37,30.59,28.82,104148.2,1.77,6.14,28.586,27.355,26.607,71728.59,56111.96,52639.03,12.41
2020-11-11,28.73,29.4,28.82,27.89,58556.01,0.0,0.0,27.83,27.013,26.364,59489.98,52495.24,52773.53,6.98
2020-11-10,27.88,29.36,28.82,27.75,90435.27,0.96,3.45,27.168,26.771,26.098,53835.98,50313.42,50559.58,10.78
2020-11-09,27.78,28.23,27.86,26.84,69170.46,1.02,3.8,26.604,26.498,25.853,41726.48,44230.5,46920.63,8.24
2020-11-06,26.81,27.05,26.84,26.11,36333.0,0.03,0.11,26.172,26.26,25.668,36641.59,39729.86,44755.09,4.33
2020-11-05,25.67,27.12,26.81,25.4,42955.15,1.3,5.1,26.124,26.096,25.511,40495.34,39075.97,43831.05,5.12
2020-11-04,26.0,26.09,25.51,25.28,30286.0,-0.49,-1.89,26.196,26.023,25.325,45500.51,38079.83,42310.14,3.61
2020-11-03,26.0,26.41,26.0,25.53,29887.8,0.3,1.17,26.374,26.11,25.2,46790.86,42153.41,41418.74,3.56
2020-11-02,26.41,27.04,25.7,25.6,43746.01,-0.9,-3.38,26.392,26.073,25.047,46734.52,44871.89,40655.22,5.21
2020-10-30,27.12,27.7,26.6,26.51,55601.73,-0.57,-2.1,26.348,26.088,24.915,42818.12,48771.71,39103.12,6.63
2020-10-29,26.49,27.87,27.17,26.41,67980.99,0.77,2.92,26.068,25.858,24.73,37656.6,49166.09,37178.36,8.1
2020-10-28,25.97,26.49,26.4,25.69,36737.75,0.31,1.19,25.85,25.714,24.556,30659.16,53051.82,34654.81,4.38
2020-10-27,25.36,26.16,26.09,25.26,29606.12,0.61,2.39,25.846,25.424,24.417,37515.97,50805.74,33852.97,3.53
2020-10-26,25.08,25.95,25.48,24.35,24164.0,0.28,1.11,25.754,25.208,24.323,43009.26,49610.76,33774.17,2.88
2020-10-23,26.0,26.08,25.2,25.08,29794.14,-0.88,-3.37,25.828,25.075,24.287,54725.29,49780.33,36035.48,3.55
2020-10-22,26.0,26.29,26.08,25.71,32993.79,-0.3,-1.14,25.648,24.926,24.264,60675.58,48586.12,37083.91,3.93
2020-10-21,25.86,26.45,26.38,25.32,71021.78,0.75,2.93,25.578,24.627,24.085,75444.48,46540.44,36170.92,8.46
2020-10-20,26.01,26.45,25.63,25.48,57072.57,-0.22,-0.85,25.002,24.289,23.914,64095.52,40684.07,33236.69,6.8
2020-10-19,24.33,26.49,25.85,24.05,82744.18,1.55,6.38,24.662,24.02,23.792,56212.27,36438.55,30971.6,9.86
2020-10-16,24.88,24.89,24.3,24.3,59545.56,-1.43,-5.56,24.322,23.741,23.649,44835.37,29434.53,27519.33,7.1
2020-10-15,24.87,25.85,25.73,24.34,106838.29,2.23,9.49,24.204,23.602,23.56,36496.67,25190.63,25506.82,12.73
2020-10-14,23.94,23.99,23.5,23.46,14277.0,-0.43,-1.8,23.676,23.398,23.44,17636.41,16257.8,21082.41,1.7
2020-10-13,24.17,24.26,23.93,23.81,17656.3,-0.22,-0.91,23.576,23.41,23.463,17272.61,16900.2,21209.53,2.1
2020-10-12,23.9,24.18,24.15,23.72,25859.69,0.44,1.86,23.378,23.438,23.476,16664.84,17937.57,21546.12,3.08
2020-10-09,23.29,23.71,23.71,23.2,17852.06,0.62,2.69,23.16,23.499,23.487,14033.7,22290.64,21544.48,2.13
2020-09-30,22.98,23.44,23.09,22.8,12537.0,0.09,0.39,23.0,23.602,23.515,13884.59,25581.7,21695.87,1.49
2020-09-29,22.81,23.12,23.0,22.6,12458.0,0.06,0.26,23.12,23.542,23.594,14879.19,25801.41,22723.95,1.48
2020-09-28,23.11,23.59,22.94,22.75,14617.43,-0.12,-0.52,23.244,23.539,23.694,16527.8,25789.31,25635.98,1.74
2020-09-25,22.99,23.39,23.06,22.81,12704.01,0.15,0.66,23.498,23.563,23.826,19210.31,25504.64,26888.52,1.51
2020-09-24,23.33,23.57,22.91,22.77,17106.52,-0.78,-3.29,23.838,23.556,23.835,30547.58,25604.13,27919.86,2.04
2020-09-23,23.75,23.82,23.69,23.36,17510.01,0.07,0.3,24.204,23.518,23.862,37278.82,25823.01,30104.65,2.09
2020-09-22,23.98,24.09,23.62,23.52,20701.01,-0.59,-2.44,23.964,23.481,23.868,36723.62,25907.02,32254.03,2.47
2020-09-21,24.7,24.87,24.21,24.19,28030.01,-0.55,-2.22,23.834,23.515,24.005,35050.81,25518.86,32273.53,3.34
2020-09-18,25.15,25.5,24.76,24.2,69390.33,0.02,0.08,23.628,23.514,24.143,31798.97,25154.66,31577.68,8.27
2020-09-17,22.5,24.74,24.74,22.36,50762.72,2.25,10.0,23.274,23.475,24.24,20660.68,20798.32,28647.72,6.05
2020-09-16,22.81,22.99,22.49,22.27,14734.01,-0.48,-2.09,22.832,23.427,24.342,14367.21,17810.04,26902.63,1.76
2020-09-15,23.18,23.28,22.97,22.75,12337.0,-0.21,-0.91,22.998,23.646,24.587,15090.42,19646.49,27140.52,1.47
2020-09-14,22.99,23.35,23.18,22.91,11770.78,0.19,0.83,23.196,23.848,24.842,15986.9,25482.65,27551.57,1.4
2020-09-11,22.55,23.08,22.99,22.23,13698.88,0.46,2.04,23.4,24.088,25.067,18510.34,28272.39,28027.61,1.63
2020-09-10,23.4,23.53,22.53,22.28,19295.37,-0.79,-3.39,23.676,24.114,25.277,20935.97,30235.6,28057.46,2.3
2020-09-09,23.46,23.68,23.32,23.04,18350.09,-0.64,-2.67,24.022,24.206,25.517,21252.87,34386.29,27758.89,2.19
2020-09-08,24.15,24.79,23.96,23.0,16819.38,-0.24,-0.99,24.294,24.254,25.715,24202.55,38601.05,28116.44,2.0
2020-09-07,24.37,25.49,24.2,24.11,24388.0,-0.17,-0.7,24.5,24.494,25.922,34978.4,39028.21,28192.86,2.91
2020-09-04,24.2,24.44,24.37,23.36,25827.0,0.11,0.45,24.776,24.772,26.142,38034.44,38000.71,27699.4,3.08
2020-09-03,24.54,24.54,24.26,24.16,20879.87,-0.42,-1.7,24.552,25.005,26.345,39535.22,36497.11,27478.3,2.49
2020-09-02,24.99,25.0,24.68,24.2,33098.51,-0.31,-1.24,24.39,25.257,26.58,47519.71,35995.23,27584.68,3.94
2020-09-01,26.41,26.44,24.99,24.64,70698.6,-0.59,-2.31,24.214,25.527,26.805,52999.54,34634.55,27306.52,8.42
2020-08-31,23.49,25.58,25.58,23.45,39668.23,2.33,10.02,24.488,25.836,27.023,43078.02,29620.49,25498.25,4.73
2020-08-28,23.33,23.33,23.25,22.71,33330.91,-0.2,-0.85,24.768,26.046,27.208,37966.98,27782.82,25398.74,3.97
2020-08-27,23.78,23.95,23.45,22.56,60802.32,-0.35,-1.47,25.458,26.44,27.479,33459.0,25879.33,24932.59,7.25
2020-08-26,26.36,26.36,23.8,23.72,60497.65,-2.56,-9.71,26.124,26.827,27.736,24470.74,21131.49,23143.72,7.21
2020-08-25,27.05,27.05,26.36,26.21,21091.01,-0.62,-2.3,26.84,27.175,28.001,16269.55,17631.84,21550.29,2.51
2020-08-24,26.74,27.09,26.98,26.4,14113.01,0.28,1.05,27.184,27.349,28.12,16162.95,17357.51,21489.44,1.68
2020-08-21,26.86,27.1,26.7,26.65,10791.0,-0.08,-0.3,27.324,27.512,28.225,17598.67,17398.08,21508.97,1.29
2020-08-20,27.34,27.34,26.78,26.72,15861.01,-0.6,-2.19,27.422,27.684,28.321,18299.67,18459.48,22373.4,1.89
2020-08-19,28.1,28.1,27.38,27.28,19491.72,-0.7,-2.49,27.53,27.902,28.471,17792.25,19174.14,22910.22,2.32
2020-08-18,27.7,28.24,28.08,27.6,20558.0,0.4,1.45,27.51,28.083,28.621,18994.12,19978.5,23609.39,2.45
2020-08-17,27.4,27.69,27.68,27.06,21291.6,0.49,1.8,27.514,28.21,28.699,18552.06,21376.01,23783.34,2.54
2020-08-14,27.33,27.5,27.19,27.0,14296.0,-0.13,-0.48,27.7,28.369,28.817,17197.5,23014.66,24116.26,1.7
2020-08-13,27.38,27.57,27.32,27.18,13323.91,0.04,0.15,27.946,28.518,28.925,18619.3,23985.84,24917.11,1.59
2020-08-12,28.01,28.03,27.28,26.4,25501.11,-0.82,-2.92,28.274,28.644,29.005,20556.04,25155.96,26584.61,3.04
2020-08-11,28.61,28.75,28.1,28.08,18347.7,-0.51,-1.78,28.656,28.827,29.172,20962.88,25468.75,28172.19,2.19
2020-08-10,28.4,28.71,28.61,28.08,14518.77,0.19,0.67,28.906,28.89,29.389,24199.96,25621.38,30657.8,1.73
2020-08-07,28.61,29.04,28.42,28.15,21405.0,-0.54,-1.86,29.038,28.937,29.663,28831.81,25619.86,33412.96,2.55
2020-08-06,29.08,29.16,28.96,28.6,23007.6,-0.23,-0.79,29.09,28.957,29.92,29352.39,26287.33,37181.32,2.74
2020-08-05,29.76,29.76,29.19,28.75,27535.32,-0.16,-0.55,29.014,29.039,30.114,29755.88,26646.3,41329.21,3.28
2020-08-04,29.43,29.97,29.35,29.16,34533.1,0.08,0.27,28.998,29.158,30.224,29974.61,27240.28,42987.18,4.12
2020-08-03,28.77,29.37,29.27,28.75,37678.05,0.59,2.06,28.874,29.188,30.319,27042.79,26190.67,45728.68,4.49
2020-07-31,28.51,28.88,28.68,28.4,24007.86,0.1,0.35,28.836,29.265,30.379,22407.9,25217.87,47636.62,2.86
2020-07-30,28.86,29.1,28.58,28.52,25025.05,-0.53,-1.82,28.824,29.332,30.368,23222.27,25848.37,49249.93,2.98
2020-07-29,28.5,29.12,29.11,28.2,28629.0,0.38,1.32,29.064,29.366,30.412,23536.71,28013.27,50653.58,3.41
2020-07-28,29.2,29.46,28.73,28.67,19874.0,-0.35,-1.2,29.318,29.516,30.466,24505.96,30875.63,52041.44,2.37
2020-07-27,28.63,29.08,29.08,28.41,14503.6,0.46,1.61,29.502,29.887,30.522,25338.56,35694.23,53247.43,1.73
2020-07-24,29.54,30.01,28.62,28.55,28079.69,-1.16,-3.9,29.694,30.389,30.546,28027.84,41206.07,55457.5,3.35
2020-07-23,30.31,30.31,29.78,29.22,26597.28,-0.6,-1.98,29.84,30.883,30.532,28474.47,48075.31,54782.02,3.17
2020-07-22,29.65,30.88,30.38,29.65,33475.21,0.73,2.46,29.668,31.188,30.459,32489.82,56012.12,54664.14,3.99
2020-07-21,30.05,30.29,29.65,29.39,24037.0,-0.39,-1.3,29.714,31.29,30.384,37245.29,58734.08,54245.33,2.86
2020-07-20,29.44,30.29,30.04,29.1,27950.01,0.69,2.35,30.272,31.45,30.361,46049.9,65266.68,54813.3,3.33
2020-07-17,28.92,29.59,29.35,28.51,30312.86,0.43,1.49,31.084,31.493,30.37,54384.29,70055.37,55719.99,3.61
2020-07-16,30.51,30.74,28.92,28.5,46674.0,-1.69,-5.52,31.926,31.404,30.453,67676.14,72651.5,57651.85,5.56
2020-07-15,32.54,32.6,30.61,30.57,57252.6,-1.83,-5.64,32.708,31.457,30.445,79534.42,73293.9,56388.35,6.82
2020-07-14,34.33,34.33,32.44,31.92,68060.05,-1.66,-4.87,32.866,31.416,30.345,80222.86,73207.25,54562.14,8.11
2020-07-13,33.59,34.14,34.1,32.68,69621.95,0.54,1.61,32.628,31.156,30.146,84483.46,70800.63,51906.65,8.3
2020-07-10,32.42,34.65,33.56,32.04,96772.1,0.73,2.22,31.902,30.702,29.87,85726.45,69708.94,49311.76,11.53
2020-07-09,32.44,33.48,32.83,31.69,105965.41,1.43,4.55,30.882,30.181,29.605,77626.85,61488.73,45087.15,12.63
2020-07-08,31.08,31.55,31.4,30.62,60694.8,0.15,0.48,30.206,29.729,29.393,67053.39,53316.15,40535.68,7.23
2020-07-07,31.0,31.69,31.25,30.1,89363.06,0.78,2.56,29.966,29.477,29.27,66191.64,49756.58,38142.39,10.65
2020-07-06,28.46,31.28,30.47,28.4,75836.87,2.01,7.06,29.684,29.272,29.17,57117.79,44359.91,34596.04,9.04
2020-07-03,29.45,29.49,28.46,28.38,56274.13,-0.99,-3.36,29.502,29.247,29.141,53691.44,41384.62,32064.26,6.71
2020-07-02,30.28,30.28,29.45,28.7,53098.07,-0.75,-2.48,29.48,29.501,29.173,45350.6,42652.21,30391.08,6.33
2020-07-01,29.8,30.82,30.2,29.6,56386.06,0.36,1.21,29.252,29.433,29.16,39578.92,39482.8,28698.52,6.72
2020-06-30,29.5,30.3,29.84,29.5,43993.81,0.28,0.95,28.988,29.273,29.119,33321.52,35917.03,27214.19,5.24
2020-06-29,28.38,30.27,29.56,28.38,58705.12,1.21,4.27,28.86,29.135,29.071,31602.04,33012.68,25841.67,7.0
2020-06-24,28.17,28.6,28.35,28.0,14569.93,0.04,0.14,28.992,29.038,29.033,29077.8,28914.57,24320.34,1.74
2020-06-23,28.77,28.87,28.31,28.11,24239.67,-0.57,-1.97,29.522,29.029,29.12,39953.81,28685.58,25585.49,2.89
2020-06-22,28.96,28.97,28.88,28.65,25099.05,-0.32,-1.1,29.614,29.056,29.129,39386.68,27755.21,25095.31,2.99
2020-06-19,30.25,30.25,29.2,29.11,35396.42,-1.02,-3.38,29.558,29.063,29.07,38512.55,26528.21,24581.78,4.22
2020-06-18,30.89,31.28,30.22,30.12,46083.93,-0.78,-2.52,29.41,29.067,29.015,34423.33,24832.16,23653.38,5.49
2020-06-17,28.9,31.55,31.0,28.9,68950.0,2.23,7.75,29.084,29.035,28.929,28751.34,22743.9,22456.37,8.22
2020-06-16,28.66,29.26,28.77,28.6,21404.0,0.17,0.59,28.536,28.845,28.839,17417.34,18129.95,20764.8,2.55
2020-06-15,28.39,29.5,28.6,28.02,20728.4,0.14,0.49,28.498,28.887,28.907,16123.74,17914.25,21155.07,2.47
2020-06-12,28.11,28.74,28.46,27.66,14950.3,-0.13,-0.46,28.568,28.965,28.972,14543.86,18511.34,22366.78,1.78
2020-06-11,28.27,28.85,28.59,27.97,17724.0,0.33,1.17,28.724,29.007,29.118,15241.0,18670.66,25207.81,2.11
2020-06-10,28.4,28.56,28.26,28.1,12280.0,-0.32,-1.12,28.986,29.027,29.343,16736.47,19726.11,28005.74,1.46
2020-06-09,28.91,28.95,28.58,28.4,14936.0,-0.37,-1.28,29.154,29.211,29.607,18842.56,22485.41,30888.58,1.78
2020-06-08,29.24,29.54,28.95,28.95,12829.0,-0.29,-0.99,29.276,29.201,29.703,19704.76,22435.41,33258.08,1.53
2020-06-05,29.78,29.81,29.24,29.0,18436.0,-0.66,-2.21,29.362,29.076,29.688,22478.82,22635.35,33857.86,2.2
2020-06-04,29.0,29.93,29.9,28.93,25201.33,0.8,2.75,29.29,28.963,29.681,22100.32,22474.59,34112.16,3.0
2020-06-03,29.29,29.96,29.1,28.93,22810.46,-0.09,-0.31,29.068,28.823,29.644,22715.74,22168.84,34040.64,2.72
2020-06-02,29.4,29.45,29.19,29.08,19247.0,-0.19,-0.65,29.268,28.832,29.64,26128.25,23399.66,34113.07,2.29
2020-06-01,29.01,29.75,29.38,28.59,26699.33,0.5,1.73,29.126,28.927,29.564,25166.06,24395.89,34203.32,3.18
2020-05-29,28.28,29.22,28.88,28.28,16543.5,0.09,0.31,28.79,28.978,29.431,22791.88,26222.22,33891.08,1.97
2020-05-28,29.38,30.0,28.79,28.35,28278.43,-1.31,-4.35,28.636,29.228,29.369,22848.86,31744.96,34447.6,3.37
2020-05-27,28.58,30.81,30.1,28.58,39873.0,1.62,5.69,28.578,29.658,29.374,21621.94,36285.38,34610.75,4.75
2020-05-26,27.73,28.63,28.48,27.73,14436.03,0.78,2.82,28.396,30.003,29.272,20671.06,39291.76,34056.41,1.72
2020-05-25,28.09,28.35,27.7,27.51,14828.43,-0.41,-1.46,28.728,30.205,29.287,23625.72,44080.75,34665.55,1.77
2020-05-22,28.38,28.77,28.11,27.86,16828.43,-0.39,-1.37,29.166,30.3,29.377,29652.56,45080.36,35127.05,2.01
2020-05-21,29.16,29.34,28.5,28.48,22143.83,-0.69,-2.36,29.82,30.398,29.431,40641.06,45749.72,35258.73,2.64
2020-05-20,29.99,29.99,29.19,28.63,35118.57,-0.95,-3.15,30.738,30.465,29.469,50948.81,45912.43,35176.98,4.18
2020-05-19,29.62,30.29,30.14,29.62,29209.35,0.25,0.84,31.61,30.447,29.464,57912.45,44826.48,35063.71,3.48
2020-05-18,31.04,31.04,29.89,29.55,44962.6,-1.49,-4.75,31.682,30.201,29.424,64535.78,44010.74,34959.39,5.36
2020-05-15,33.0,33.0,31.38,30.68,71770.94,-1.71,-5.17,31.434,29.883,29.412,60508.16,41559.94,33979.75,8.55
2020-05-14,33.88,34.5,33.09,32.2,73682.59,-0.46,-1.37,30.976,29.51,29.331,50858.38,37150.24,32028.41,8.78
2020-05-13,30.3,33.55,33.55,30.1,69936.79,3.05,10.0,30.192,29.09,29.122,40876.06,32936.12,30830.58,8.33
2020-05-12,28.68,31.52,30.5,28.42,62326.0,1.85,6.46,29.284,28.54,29.001,31740.5,28821.07,31323.37,7.43
2020-05-11,29.4,29.55,28.65,28.5,24824.5,-0.44,-1.51,28.72,28.369,29.175,23485.7,25250.34,30986.85,2.96
2020-05-08,29.08,29.98,29.09,29.0,23522.0,-0.08,-0.27,28.332,28.454,29.288,22611.71,25173.73,31828.87,2.8
2020-05-07,29.27,29.38,29.17,28.82,23770.99,0.16,0.55,28.044,28.463,29.4,23442.11,24767.73,32345.2,2.83
2020-05-06,27.69,29.2,29.01,27.5,24258.99,1.33,4.8,27.988,28.473,29.468,24996.19,24441.53,32872.5,2.89
2020-04-30,27.14,28.05,27.68,26.8,21052.0,0.97,3.63,27.796,28.48,29.585,25901.65,25300.94,33616.9,2.51
2020-04-29,27.32,27.67,26.71,26.5,20454.55,-0.94,-3.4,28.018,28.646,29.711,27014.98,25908.04,33971.74,2.44
2020-04-28,28.93,28.93,27.65,26.4,27674.0,-1.24,-4.29,28.576,28.94,29.901,27735.76,26399.57,34302.52,3.3
2020-04-27,28.1,29.46,28.89,28.1,31541.39,0.84,3.0,28.882,29.151,30.06,26093.36,26906.57,35262.26,3.76
2020-04-24,28.79,28.9,28.05,27.56,28786.3,-0.74,-2.57,28.958,29.153,30.211,23886.87,28725.04,35747.34,3.43
2020-04-23,29.5,29.83,28.79,28.65,26618.66,-0.71,-2.41,29.164,29.461,30.455,24700.24,33825.66,35767.1,3.17
2020-04-22,29.29,29.5,29.5,28.65,24058.45,0.32,1.1,29.274,29.981,30.692,24801.1,36723.37,35998.9,2.87
2020-04-21,29.3,29.68,29.18,28.8,19462.01,-0.09,-0.31,29.304,30.121,30.872,25063.39,38484.0,37188.97,2.32
2020-04-20,29.24,29.49,29.27,28.97,20508.94,0.19,0.65,29.42,30.337,31.028,27719.79,39922.67,38531.75,2.44
2020-04-17,29.65,30.02,29.08,28.98,32853.12,-0.26,-0.89,29.348,30.462,31.29,33563.2,41303.48,40044.33,3.91
2020-04-16,29.41,29.6,29.34,28.92,27123.0,-0.31,-1.05,29.758,30.69,31.603,42951.09,41932.86,40508.9,3.23
2020-04-15,29.4,30.23,29.65,29.36,25369.86,-0.11,-0.37,30.688,30.776,31.861,48645.63,42035.45,42042.97,3.02
2020-04-14,29.26,29.9,29.76,28.71,32744.01,0.85,2.94,30.938,30.862,32.156,51904.62,42205.46,42938.06,3.9
2020-04-13,30.6,30.63,28.91,28.61,49726.0,-2.22,-7.13,31.254,30.969,32.443,52125.55,43617.95,44823.65,5.93
2020-04-10,34.98,34.98,31.13,30.79,79792.58,-2.86,-8.41,31.576,31.268,32.897,49043.75,42769.65,44811.38,9.51
2020-04-09,31.15,33.99,33.99,31.01,55595.69,3.09,10.0,31.622,31.448,33.261,40914.64,37708.54,43967.29,6.62
2020-04-08,31.42,32.2,30.9,30.88,41664.82,-0.44,-1.4,30.864,31.403,33.546,35425.26,35274.42,44895.45,4.96
2020-04-07,31.08,31.6,31.34,30.88,33848.68,0.82,2.69,30.786,31.623,34.042,32506.3,35893.94,47551.4,4.03
2020-04-03,31.47,31.65,30.52,30.04,34317.0,-0.84,-2.68,30.684,31.719,34.47,35110.34,37140.83,50776.14,4.09
2020-04-02,30.37,31.39,31.36,29.9,39147.0,1.16,3.84,30.96,32.117,35.039,36495.54,38785.17,54745.54,4.66
2020-04-01,30.66,31.04,30.2,30.2,28148.82,-0.31,-1.02,31.274,32.516,35.561,34502.44,39084.93,59356.02,3.35
2020-03-31,31.51,31.65,30.51,30.45,27070.0,-0.32,-1.04,31.942,32.945,36.247,35123.58,42050.49,64763.2,3.23
2020-03-30,31.11,31.82,30.83,28.72,46868.86,-1.07,-3.35,32.46,33.45,36.837,39281.57,43670.65,74363.46,5.58
2020-03-27,33.38,33.55,31.9,31.8,41243.01,-1.03,-3.13,32.754,33.917,37.534,39171.31,46029.35,75560.27,4.91
2020-03-26,33.18,33.75,32.93,32.49,29181.5,-0.61,-1.82,33.274,34.526,37.974,41074.81,46853.11,83523.72,3.48
2020-03-25,34.09,34.29,33.54,33.33,31254.55,0.44,1.33,33.758,35.074,38.177,43667.43,50226.03,91678.08,3.72
2020-03-24,33.52,34.0,33.1,32.37,47859.95,0.8,2.48,33.948,35.689,38.371,48977.4,54516.49,97199.05,5.7
2020-03-23,33.51,34.95,32.3,32.0,46317.56,-2.2,-6.38,34.44,36.461,38.795,48059.73,59208.87,108774.32,5.52
2020-03-20,35.95,37.0,34.5,33.73,50760.49,-0.85,-2.4,35.08,37.22,39.07,52887.39,64411.46,107170.6,6.05
2020-03-19,34.51,35.71,35.35,33.89,42144.6,0.86,2.49,35.778,37.96,39.063,52631.41,70705.91,107789.44,5.02
2020-03-18,35.88,37.68,34.49,34.49,57804.41,-1.07,-3.01,36.39,38.605,38.858,56784.63,79627.11,113228.16,6.89
2020-03-17,36.2,37.01,35.56,34.59,43271.58,0.06,0.17,37.43,39.549,38.553,60055.57,87475.9,111777.85,5.16
2020-03-16,37.98,37.99,35.5,34.66,70455.88,-2.49,-6.55,38.482,40.223,38.066,70358.01,105056.26,112889.23,8.4
2020-03-13,36.0,38.95,37.99,36.0,49480.58,-0.42,-1.09,39.36,41.15,37.465,75935.53,105091.19,110854.19,5.9
2020-03-12,38.2,39.58,38.41,37.25,62910.72,-1.28,-3.23,40.142,41.421,36.632,88780.4,120194.32,109105.56,7.5
2020-03-11,40.82,42.8,39.69,39.69,74159.08,-1.13,-2.77,40.82,41.28,35.777,102469.58,133130.12,106628.43,8.84
2020-03-10,40.0,41.7,40.82,37.5,94783.78,0.93,2.33,41.668,41.053,34.874,114896.24,139881.61,103601.48,11.29
2020-03-09,41.21,44.0,39.89,38.6,98343.49,-2.01,-4.8,41.964,41.129,33.901,139754.51,158339.77,99749.61,11.72
2020-03-06,39.5,43.21,41.9,39.5,113704.95,0.1,0.24,42.94,40.92,33.002,134246.84,149929.73,95938.34,13.55
2020-03-05,43.0,44.88,41.8,40.56,131356.59,-2.13,-4.85,42.7,40.166,31.985,151608.24,144872.98,91541.62,15.65
2020-03-04,40.13,45.26,43.93,40.13,136292.38,1.63,3.85,41.74,39.11,30.983,163790.66,146829.22,86161.19,16.24
2020-03-03,48.0,49.0,42.3,40.55,219075.14,-2.47,-5.52,40.438,37.557,29.843,164866.98,136079.8,80774.3,26.11
2020-03-02,43.0,44.77,44.77,42.63,70805.14,4.07,10.0,40.294,35.909,28.714,176925.03,120722.2,71428.4,8.44
2020-02-28,37.5,40.7,40.7,37.5,200511.94,3.7,10.0,38.9,33.779,27.503,165612.62,116617.2,68103.14,23.89
2020-02-27,35.81,39.96,37.0,33.93,192268.72,-0.42,-1.12,37.632,31.843,26.609,138137.72,98016.81,59390.83,22.91
2020-02-26,38.21,39.55,37.42,37.42,141673.94,-4.16,-10.01,36.48,30.273,25.944,129867.78,80126.74,51071.89,16.88
2020-02-25,40.0,41.58,41.58,36.7,279365.41,3.78,10.0,34.676,28.694,25.25,107292.62,67321.34,45374.9,33.29
2020-02-24,37.8,37.8,37.8,37.8,14243.09,3.44,10.01,31.524,26.673,24.338,64519.36,41159.45,32808.76,1.7
2020-02-21,34.0,34.36,34.36,33.0,63137.42,3.12,9.99,28.658,25.083,23.56,67621.78,41946.96,32619.17,7.52
2020-02-20,29.37,31.24,31.24,25.56,150919.05,2.84,10.0,26.054,23.804,22.965,57895.9,38210.27,30115.33,17.98
2020-02-19,26.84,28.4,28.4,26.84,28798.11,2.58,9.99,24.066,22.856,22.53,30385.69,25493.16,23296.53,3.43
2020-02-18,24.88,25.82,25.82,23.7,65499.14,2.35,10.01,22.712,22.128,22.26,27350.07,25468.8,22831.03,7.8
2020-02-17,22.05,23.47,23.47,21.91,29755.2,2.13,9.98,21.822,21.519,22.121,17799.53,22134.6,21312.4,3.55
2020-02-14,21.49,21.78,21.34,21.16,14508.0,0.04,0.19,21.508,21.226,22.064,16272.13,19589.08,20685.99,1.73
2020-02-13,21.6,21.62,21.3,21.25,13368.01,-0.33,-1.53,21.554,21.374,22.113,18524.63,20764.85,20581.35,1.59
2020-02-12,21.37,21.76,21.63,21.1,13620.0,0.26,1.22,21.646,21.614,22.137,20600.63,22017.05,20688.14,1.62
2020-02-11,21.82,21.92,21.37,21.21,17746.45,-0.53,-2.42,21.544,21.806,22.16,23587.53,23428.46,20878.8,2.11
2020-02-10,21.78,22.18,21.9,21.38,22118.18,0.33,1.53,21.216,22.002,22.179,26469.66,24458.06,21007.33,2.64
2020-02-07,21.58,22.03,21.57,21.0,25770.51,-0.19,-0.87,20.944,22.036,22.202,22906.02,23291.39,20570.42,3.07
2020-02-06,21.16,22.18,21.76,20.91,23748.0,0.64,3.03,21.194,22.125,22.24,23005.06,22020.39,20174.56,2.83
2020-02-05,19.71,21.36,21.12,19.71,28554.5,1.39,7.04,21.582,22.204,22.281,23433.47,21099.89,19584.24,3.4
2020-02-04,18.51,20.1,19.73,18.51,32157.1,-0.81,-3.94,22.068,22.392,22.355,23269.38,20193.26,19111.45,3.83
2020-02-03,20.54,20.54,20.54,20.54,4300.0,-2.28,-9.99,22.788,22.722,22.496,22446.47,20490.2,19133.17,0.51
2020-01-23,23.01,23.8,22.82,22.45,26265.72,-0.88,-3.71,23.128,22.901,22.64,23676.75,21782.9,20254.05,3.13
2020-01-22,23.51,24.18,23.7,23.03,25890.01,0.15,0.64,23.056,22.851,22.585,21035.72,20397.86,19290.25,3.09
2020-01-21,23.47,23.98,23.55,22.98,27734.09,0.22,0.94,22.826,22.659,22.479,18766.32,19359.23,18579.46,3.3
2020-01-20,22.68,23.6,23.33,22.6,28042.52,1.09,4.9,22.716,22.514,22.4,17117.13,18329.14,18048.72,3.34
2020-01-17,22.3,22.6,22.24,22.18,10451.42,-0.22,-0.98,22.656,22.356,22.315,18533.92,17556.59,17871.18,1.25
2020-01-16,22.81,22.81,22.46,22.13,13060.55,-0.09,-0.4,22.674,22.367,22.296,19889.04,17849.46,18314.59,1.56
2020-01-15,23.02,23.02,22.55,22.35,14543.01,-0.45,-1.96,22.646,22.354,22.237,19759.99,18328.72,18481.09,1.73
2020-01-14,22.96,23.36,23.0,22.75,19488.16,-0.03,-0.13,22.492,22.358,22.128,19952.15,18068.58,18312.24,2.32
2020-01-13,22.5,23.7,23.03,22.33,35126.48,0.7,3.13,22.312,22.317,21.987,19541.16,18029.65,17914.74,4.19
2020-01-10,22.5,22.8,22.33,22.15,17227.0,0.01,0.04,22.056,22.269,21.83,16579.26,17776.14,16583.76,2.05
2020-01-09,22.11,22.5,22.32,21.8,12415.32,0.54,2.48,22.06,22.379,21.707,15809.88,18725.2,16051.11,1.48
2020-01-08,21.91,22.77,21.78,21.78,15503.78,-0.32,-1.45,22.062,22.318,21.591,16897.45,18182.64,15880.05,1.85
2020-01-07,21.8,22.2,22.1,21.67,17433.2,0.35,1.61,22.224,22.299,21.525,16185.02,17799.68,15555.83,2.08
2020-01-06,22.2,22.2,21.75,21.55,20316.99,-0.6,-2.69,22.322,22.286,21.453,16518.14,17768.29,15364.14,2.42
2020-01-03,22.31,22.48,22.35,22.03,13380.09,0.02,0.09,22.482,22.273,21.431,18973.02,18185.77,15089.01,1.59
2020-01-02,22.65,22.9,22.33,22.17,17853.2,-0.26,-1.15,22.698,22.224,21.359,21640.53,18779.73,14890.29,2.13
2019-12-31,22.69,22.9,22.59,22.25,11941.6,0.0,0.0,22.574,22.119,21.271,19467.82,18633.46,14368.46,1.42
2019-12-30,22.03,23.55,22.59,22.02,19098.83,0.04,0.18,22.374,21.897,21.151,19414.34,18555.9,14328.02,2.28
2019-12-27,23.73,24.5,22.55,22.3,32591.4,-0.88,-3.76,22.25,21.657,21.017,19018.45,17799.84,13955.38,3.88
2019-12-26,22.0,23.77,23.43,21.74,26717.61,1.72,7.92,22.064,21.391,20.885,17398.51,15391.38,13098.09,3.18
2019-12-25,21.69,21.87,21.71,21.28,6989.67,0.12,0.56,21.75,21.035,20.689,15918.93,13377.02,13013.65,0.83
2019-12-24,22.18,22.18,21.59,21.33,11674.19,-0.38,-1.73,21.664,20.863,20.523,17799.1,13577.47,12895.57,1.39
2019-12-23,21.56,22.4,21.97,20.11,17119.36,0.35,1.62,21.42,20.751,20.376,17697.46,13311.99,12451.26,2.04
2019-12-20,22.0,23.5,21.62,21.62,24491.72,-0.24,-1.1,21.064,20.619,20.211,16581.22,12959.98,11846.56,2.92
2019-12-19,21.23,21.91,21.86,20.9,19319.7,0.58,2.73,20.718,20.588,20.07,13384.25,11992.24,10919.76,2.34
2019-12-18,20.38,21.3,21.28,20.27,16390.52,0.91,4.47,20.32,20.493,19.93,10835.11,11000.85,10274.07,1.98
2019-12-17,20.2,20.57,20.37,20.05,11166.0,0.18,0.89,20.062,20.422,19.808,9355.83,10103.47,9940.95,1.35
2019-12-16,19.91,20.19,20.19,19.62,11538.18,0.3,1.51,20.082,20.405,19.742,8926.52,10100.14,9823.13,1.4
2019-12-13,19.87,19.98,19.89,19.73,8506.87,0.02,0.1,20.174,20.376,19.65,9338.74,10110.92,9490.32,1.03
2019-12-12,20.19,20.19,19.87,19.78,6574.0,-0.12,-0.6,20.458,20.378,19.578,10600.23,10804.79,9469.48,0.8
2019-12-11,20.45,20.45,19.99,19.74,8994.12,-0.48,-2.35,20.666,20.342,19.525,11166.59,12650.29,9584.86,1.09
2019-12-10,20.67,20.8,20.47,20.25,9019.43,-0.18,-0.87,20.782,20.182,19.469,10851.1,12213.68,9672.27,1.09
2019-12-09,21.4,21.47,20.65,20.4,13599.3,-0.66,-3.1,20.728,20.001,19.368,11273.76,11590.53,9654.01,1.65
2019-12-06,20.91,21.35,21.31,20.76,14814.31,0.4,1.91,20.578,19.803,19.277,10883.1,10733.13,9858.89,1.79
2019-12-05,20.57,21.28,20.91,20.52,9405.8,0.34,1.65,20.298,19.552,19.207,11009.35,9847.27,10941.92,1.14
2019-12-04,20.14,20.68,20.57,19.98,7416.67,0.37,1.83,20.018,19.366,19.206,14133.98,9547.29,11318.77,0.9
2019-12-03,19.74,20.34,20.2,19.74,11132.72,0.3,1.51,19.582,19.194,19.126,13576.25,9778.43,11352.66,1.35
2019-12-02,20.38,20.38,19.9,19.68,11646.02,-0.01,-0.05,19.274,19.079,19.082,11907.31,9546.13,11261.61,1.41
2019-11-29,19.12,20.24,19.91,19.03,15445.52,0.4,2.05,19.028,18.924,19.054,10583.16,8869.73,11331.0,1.87
2019-11-28,18.57,20.23,19.51,18.5,25028.99,1.12,6.09,18.806,18.777,18.968,8685.2,8134.17,11021.92,3.03
2019-11-27,18.52,18.67,18.39,18.31,4628.0,-0.27,-1.45,18.714,18.707,18.871,4960.6,6519.43,10067.03,0.56
2019-11-26,18.66,18.71,18.66,18.5,2788.0,-0.01,-0.05,18.806,18.755,18.866,5980.6,7130.85,10105.28,0.34
2019-11-25,18.78,18.9,18.67,18.45,5025.3,-0.13,-0.69,18.884,18.734,18.866,7184.95,7717.48,10275.08,0.61
2019-11-22,19.01,19.05,18.8,18.67,5955.72,-0.25,-1.31,18.82,18.75,18.855,7156.29,8984.64,10327.65,0.72
2019-11-21,18.92,19.18,19.05,18.71,6406.0,0.2,1.06,18.748,18.862,18.845,7583.14,12036.57,10156.72,0.78
2019-11-20,19.48,19.48,18.85,18.77,9728.0,-0.2,-1.05,18.7,19.045,18.836,8078.26,13090.25,10161.13,1.18
2019-11-19,18.35,19.28,19.05,18.3,8809.71,0.7,3.81,18.704,19.058,18.836,8281.1,12926.9,9935.69,1.07
2019-11-18,18.48,18.62,18.35,18.26,4882.01,-0.09,-0.49,18.584,19.084,18.826,8250.02,12977.09,9721.9,0.59
2019-11-15,18.81,19.11,18.44,18.44,8090.0,-0.37,-1.97,18.68,19.183,18.848,10812.99,13792.28,9802.84,0.98
2019-11-14,18.79,19.19,18.81,18.43,8881.6,-0.06,-0.32,18.976,19.158,18.876,16489.99,13909.68,9954.84,1.08
2019-11-13,18.55,19.8,18.87,18.55,10742.2,0.42,2.28,19.39,19.034,18.907,18102.23,13614.62,10041.71,1.3
2019-11-12,18.49,18.61,18.45,18.18,8654.3,-0.38,-2.02,19.412,18.977,18.906,17572.69,13079.7,9736.64,1.05
2019-11-11,19.49,19.57,18.83,18.11,17696.83,-1.09,-5.47,19.584,18.998,18.936,17704.17,12832.68,9624.36,2.14
2019-11-08,22.0,22.57,19.92,19.8,36475.01,-0.96,-4.6,19.686,18.959,18.938,16771.56,11670.66,9050.68,4.42
2019-11-07,20.88,20.88,20.88,20.88,16942.82,1.9,10.01,19.34,18.827,18.889,11329.36,8276.86,7441.88,2.05
2019-11-05,19.23,19.35,18.98,18.79,8094.48,-0.33,-1.71,18.678,18.626,18.781,9127.0,7232.01,6783.25,0.98
2019-11-04,19.5,19.81,19.31,19.19,9311.69,-0.03,-0.15,18.542,18.613,18.774,8586.7,6944.49,6636.83,1.13
2019-11-01,18.38,19.98,19.34,18.16,13033.82,1.15,6.32,18.412,18.567,18.748,7961.19,6466.7,6367.19,1.58
2019-10-31,17.82,18.7,18.19,17.82,9264.01,0.62,3.53,18.232,18.512,18.725,6569.75,5813.41,6049.43,1.12
2019-10-30,18.35,18.35,17.57,17.03,5931.0,-0.73,-3.99,18.314,18.593,18.746,5224.36,6000.0,6061.93,0.72
2019-10-29,18.66,18.72,18.3,18.3,5393.0,-0.36,-1.93,18.574,18.78,18.82,5337.02,6468.81,6421.53,0.65
2019-10-28,18.42,18.66,18.66,18.15,6184.11,0.22,1.19,18.684,18.834,18.9,5302.27,6393.59,6840.75,0.75
2019-10-25,18.6,18.6,18.44,18.1,6076.61,-0.16,-0.86,18.722,18.873,18.969,4972.2,6416.04,8026.21,0.74
2019-10-24,18.8,18.8,18.6,18.6,2537.1,-0.27,-1.43,18.792,18.916,19.098,5057.06,6430.7,11058.51,0.31
2019-10-23,18.85,18.89,18.87,18.56,6494.26,0.02,0.11,18.872,18.95,19.268,6775.63,6606.89,13763.26,0.79
2019-10-22,18.8,18.9,18.85,18.55,5219.26,0.0,0.0,18.986,18.936,19.325,7600.61,6334.49,13891.99,0.63
2019-10-21,18.85,19.0,18.85,18.64,4533.79,0.06,0.32,18.984,18.934,19.407,7484.9,6329.17,14464.0,0.55
2019-10-18,18.86,18.98,18.79,18.64,6500.91,-0.21,-1.1,19.024,18.929,19.472,7859.87,6267.69,14583.66,0.79
2019-10-17,19.35,19.54,19.0,19.0,11129.91,-0.44,-2.26,19.04,18.938,19.533,7804.34,6285.45,14507.71,1.35
2019-10-16,18.89,19.44,19.44,18.66,10619.17,0.6,3.19,19.028,18.898,19.585,6438.16,6123.86,14265.42,1.29
2019-10-15,19.08,19.08,18.84,18.75,4640.73,-0.21,-1.1,18.886,18.86,19.622,5068.38,6374.24,14050.51,0.56
2019-10-14,18.81,19.18,19.05,18.81,6408.64,0.18,0.95,18.884,18.965,19.691,5173.43,7287.92,14361.55,0.78
2019-10-11,18.95,19.0,18.87,18.68,6223.26,-0.07,-0.37,18.834,19.064,19.714,4675.5,9636.38,14446.47,0.75
2019-10-10,18.73,18.97,18.94,18.53,4299.0,0.21,1.12,18.836,19.28,19.771,4766.55,15686.32,14487.67,0.52
2019-10-09,18.83,18.83,18.73,18.58,3770.26,-0.1,-0.53,18.768,19.586,19.823,5809.55,20919.62,14582.42,0.46
2019-10-08,18.7,18.99,18.83,18.7,5166.0,0.03,0.16,18.834,19.713,19.885,7680.1,21449.5,14803.57,0.63
2019-09-30,18.83,18.95,18.8,18.62,3919.0,-0.08,-0.42,19.046,19.88,19.946,9402.4,22598.83,15015.7,0.47
2019-09-27,18.68,18.97,18.88,18.6,6678.5,0.28,1.5,19.294,20.014,19.998,14597.26,22899.63,15211.95,0.81
2019-09-26,18.98,19.14,18.6,18.53,9514.0,-0.46,-2.41,19.724,20.127,20.071,26606.09,22729.98,15386.03,1.15
2019-09-25,19.82,19.82,19.06,19.03,13123.0,-0.83,-4.17,20.404,20.272,20.158,36029.69,22406.98,15269.99,1.59
2019-09-24,19.95,20.04,19.89,19.74,13777.5,-0.15,-0.75,20.592,20.383,20.221,35218.89,21726.78,15022.89,1.67
2019-09-23,20.36,20.65,20.04,19.61,29893.32,-0.99,-4.71,20.714,20.416,20.233,35795.25,21435.18,14758.61,3.62
2019-09-20,22.0,22.84,21.03,20.97,66722.63,-0.97,-4.41,20.734,20.363,20.229,31201.99,19256.56,13714.09,8.08
2019-09-19,20.25,22.0,22.0,20.22,56631.99,2.0,10.0,20.53,20.261,20.197,18853.86,13289.01,11100.66,6.86
2019-09-18,20.56,20.56,20.0,19.91,9069.01,-0.5,-2.44,20.14,20.059,20.104,8784.27,8245.21,8925.11,1.1
2019-09-17,20.1,20.5,20.5,19.51,16659.31,0.36,1.79,20.174,20.057,20.102,8234.66,8157.65,8944.91,2.02
2019-09-16,20.01,20.31,20.14,19.9,6927.01,0.13,0.65,20.118,20.011,20.069,7075.1,7432.58,8661.0,0.84
2019-09-12,20.01,20.12,20.01,19.91,4982.0,-0.04,-0.2,19.992,19.981,20.02,7311.14,7524.27,8689.87,0.6
2019-09-11,20.39,20.46,20.05,20.05,6284.0,-0.12,-0.59,19.992,20.014,19.974,7724.16,8042.07,8811.88,0.76
2019-09-10,20.22,20.4,20.17,19.96,6321.0,-0.05,-0.25,19.978,20.043,19.894,7706.16,8133.01,8757.18,0.77
2019-09-09,19.82,20.28,20.22,19.54,10861.49,0.71,3.64,19.94,20.059,19.791,8080.63,8319.01,8534.28,1.31
2019-09-06,19.94,19.99,19.51,19.45,8107.19,-0.5,-2.5,19.904,20.05,19.693,7790.05,8082.04,8147.36,0.98
2019-09-05,20.5,20.5,20.01,19.93,7047.1,0.03,0.15,19.97,20.094,19.625,7737.41,8171.62,7901.95,0.85
2019-09-04,19.94,19.98,19.98,19.72,6194.0,0.0,0.0,20.036,20.132,19.531,8359.99,8912.31,7727.57,0.75
2019-09-03,20.4,20.4,19.98,19.77,8193.36,-0.06,-0.3,20.108,20.149,19.44,8559.86,9605.01,7576.07,0.99
2019-09-02,19.84,20.39,20.04,19.31,9408.6,0.2,1.01,20.178,20.146,19.353,8557.39,9732.17,7549.1,1.14
2019-08-30,20.43,20.63,19.84,19.77,7844.0,-0.5,-2.46,20.196,20.127,19.303,8374.03,9889.42,7385.52,0.95
2019-08-29,20.25,20.77,20.34,20.25,10160.0,0.0,0.0,20.218,20.058,19.249,8605.83,9855.47,7469.67,1.23
2019-08-28,20.27,20.83,20.34,20.1,7193.36,0.01,0.05,20.228,19.933,19.154,9464.63,9581.68,7238.92,0.87
2019-08-27,20.13,20.5,20.33,20.06,8181.01,0.2,0.99,20.19,19.744,19.062,10650.15,9381.35,7255.2,0.99
2019-08-26,19.49,20.26,20.13,19.3,8491.76,0.18,0.9,20.114,19.522,18.992,10906.95,8749.55,7408.55,1.03
2019-08-23,19.99,20.44,19.95,19.89,9003.0,-0.44,-2.16,20.058,19.336,18.905,11404.82,8212.68,7342.32,1.09
2019-08-22,19.82,20.79,20.39,19.82,14454.0,0.24,1.19,19.898,19.155,18.853,11105.11,7632.29,7351.48,1.75
2019-08-21,20.0,21.66,20.15,19.92,13121.0,0.2,1.0,19.638,18.929,18.787,9698.73,6542.83,7096.53,1.59
2019-08-20,19.99,20.07,19.95,19.7,9465.01,0.1,0.5,19.298,18.73,18.755,8112.55,5547.13,6704.28,1.15
2019-08-19,20.0,20.0,19.85,19.38,10981.1,0.7,3.65,18.93,18.559,18.722,6592.15,5366.02,6576.93,1.33
2019-08-16,18.9,19.42,19.15,18.88,7504.46,0.06,0.31,18.614,18.479,18.71,5020.54,4881.61,6271.98,0.91
2019-08-15,18.13,19.14,19.09,18.13,7422.06,0.64,3.47,18.412,18.439,18.77,4159.46,5083.87,6022.51,0.9
2019-08-14,18.19,18.45,18.45,18.19,5190.11,0.34,1.88,18.22,18.375,18.827,3386.92,4896.17,5771.92,0.63
2019-08-13,18.03,18.19,18.11,18.03,1863.0,-0.16,-0.88,18.162,18.38,18.922,2981.7,5129.06,5699.52,0.23
2019-08-12,18.15,18.38,18.27,18.12,3123.05,0.13,0.72,18.188,18.461,19.034,4139.9,6067.56,5821.52,0.38
2019-08-09,18.35,18.42,18.14,18.13,3199.1,0.01,0.06,18.344,18.474,19.136,4742.69,6471.95,5930.22,0.39
2019-08-08,18.39,18.39,18.13,18.03,3559.36,-0.03,-0.17,18.466,18.55,19.262,6008.27,7070.68,6081.27,0.43
2019-08-07,18.25,18.52,18.16,18.16,3164.0,-0.08,-0.44,18.53,18.644,19.415,6405.41,7650.24,6834.3,0.38
2019-08-06,18.89,18.89,18.24,17.79,7654.0,-0.81,-4.25,18.598,18.779,19.497,7276.41,7861.44,6994.46,0.93
2019-08-05,18.75,19.4,19.05,18.41,6137.0,0.3,1.6,18.734,18.885,19.592,7995.21,7787.84,6904.06,0.74
2019-08-02,18.05,19.36,18.75,18.05,9527.01,0.3,1.63,18.604,18.94,19.655,8201.21,7662.34,6950.33,1.15
2019-08-01,18.47,18.67,18.45,18.31,5545.04,-0.05,-0.27,18.634,19.1,19.758,8133.08,6961.14,6989.81,0.67
2019-07-31,18.89,18.89,18.5,18.35,7519.01,-0.42,-2.22,18.758,19.278,19.86,8895.07,6647.68,7544.38,0.91
2019-07-30,18.5,19.83,18.92,18.5,11248.0,0.52,2.83,18.96,19.463,19.996,8446.47,6269.98,7647.87,1.36
2019-07-29,18.92,18.92,18.4,18.35,7167.0,-0.5,-2.65,19.036,19.606,20.146,7580.47,5575.48,7476.07,0.87
2019-07-26,19.0,19.34,18.9,18.69,9186.36,-0.17,-0.89,19.276,19.797,20.329,7123.47,5388.49,7804.68,1.11
2019-07-25,19.46,19.73,19.07,18.99,9355.0,-0.44,-2.25,19.566,19.974,20.445,5789.2,5091.86,8624.31,1.13
2019-07-24,19.69,19.9,19.51,19.2,5276.0,0.21,1.09,19.798,20.185,20.596,4400.28,6018.36,8592.23,0.64
2019-07-23,19.63,19.83,19.3,18.8,6918.0,-0.3,-1.53,19.966,20.215,20.728,4093.48,6127.47,8740.98,0.84
2019-07-22,20.36,20.36,19.6,19.6,4882.0,-0.75,-3.69,20.176,20.299,20.888,3570.48,6020.27,9269.73,0.59
2019-07-19,20.25,20.82,20.35,20.15,2515.0,0.12,0.59,20.318,20.369,21.051,3653.5,6238.32,10951.24,0.3
2019-07-18,20.24,20.3,20.23,19.67,2410.39,-0.12,-0.59,20.382,20.415,21.138,4394.52,7018.47,11187.12,0.29
2019-07-17,20.54,20.54,20.35,20.2,3742.0,0.0,0.0,20.572,20.442,21.207,7636.45,8441.09,11331.89,0.45
2019-07-16,20.6,20.87,20.35,20.34,4303.0,0.04,0.2,20.464,20.529,21.263,8161.47,9025.77,11444.29,0.52
2019-07-15,20.51,20.59,20.31,20.09,5297.11,-0.36,-1.74,20.422,20.686,21.308,8470.07,9376.67,11563.42,0.64
2019-07-12,20.97,21.1,20.67,20.55,6220.11,-0.51,-2.41,20.42,20.86,21.379,8823.15,10220.87,11739.72,0.75
2019-07-11,19.78,21.43,21.18,19.4,18620.01,1.37,6.92,20.448,20.915,21.493,9642.43,12156.76,12074.7,2.25
2019-07-10,20.0,20.28,19.81,19.5,6367.1,-0.33,-1.64,20.312,21.007,21.55,9245.72,11166.1,11652.07,0.77
2019-07-09,20.39,20.39,20.14,19.97,5846.01,-0.16,-0.79,20.594,21.24,21.651,9890.08,11354.49,11709.16,0.71
2019-07-08,20.99,21.0,20.3,20.06,7062.51,-0.51,-2.45,20.95,21.476,21.72,10283.28,12519.18,11656.39,0.85
2019-07-05,20.7,20.98,20.81,20.45,10316.5,0.31,1.51,21.3,21.732,21.765,11618.59,15664.15,11567.97,1.25
2019-07-04,21.22,21.46,20.5,20.35,16636.5,-0.72,-3.39,21.382,21.861,21.76,14671.09,15355.77,11702.56,2.01
2019-07-03,21.98,21.98,21.22,21.03,9588.88,-0.7,-3.19,21.702,21.972,21.795,13086.48,14222.69,11053.79,1.16
2019-07-02,22.03,22.16,21.92,21.78,7811.99,-0.13,-0.59,21.886,21.996,21.798,12818.9,13862.8,11073.59,0.95
2019-07-01,21.22,22.15,22.05,21.21,13739.1,0.83,3.91,22.002,21.93,21.809,14755.09,13750.17,11491.24,1.66
2019-06-28,21.89,22.18,21.22,21.1,25579.0,-0.88,-3.98,22.164,21.898,21.782,19709.7,13258.56,11225.38,3.08
2019-06-27,22.74,22.74,22.1,22.02,8713.42,-0.04,-0.18,22.34,22.071,21.826,16040.45,11992.64,10353.66,1.05
2019-06-26,22.37,23.28,22.14,21.76,8251.0,-0.36,-1.6,22.242,22.093,21.851,15358.89,12138.04,10577.62,0.99
2019-06-25,22.3,23.3,22.5,22.0,17492.91,-0.36,-1.57,22.106,22.062,21.916,14906.69,12063.83,11516.05,2.11
2019-06-24,23.8,24.31,22.86,22.52,38512.18,0.76,3.44,21.858,21.963,21.946,12745.26,10793.61,11376.35,4.64
2019-06-21,21.8,22.37,22.1,21.8,7232.74,0.49,2.27,21.632,21.797,21.865,6807.42,7471.8,9771.07,0.87
2019-06-20,21.52,21.7,21.61,21.32,5305.63,0.15,0.7,21.802,21.658,21.793,7944.82,8049.35,9720.29,0.64
2019-06-19,21.51,21.64,21.46,21.3,5990.0,0.2,0.94,21.944,21.617,21.786,8917.18,7884.89,9832.69,0.72
2019-06-18,21.78,21.91,21.26,21.24,6685.73,-0.47,-2.16,22.018,21.6,21.803,9220.97,8284.39,10215.54,0.81
2019-06-17,22.66,22.66,21.73,21.5,8823.0,-1.22,-5.32,22.068,21.688,21.767,8841.96,9232.32,10332.39,1.06
2019-06-14,22.26,23.96,22.95,22.0,12919.74,0.63,2.82,21.962,21.665,21.703,8136.18,9192.2,10580.0,1.56
2019-06-13,21.9,22.66,22.32,21.5,10167.45,0.49,2.25,21.514,21.581,21.626,8153.88,8714.68,10349.47,1.23
2019-06-12,21.51,21.98,21.83,21.38,7508.93,0.32,1.49,21.29,21.608,21.58,6852.59,9017.21,10326.8,0.91
2019-06-11,21.4,21.72,21.51,21.02,4790.68,0.31,1.46,21.182,21.769,21.548,7347.8,10968.27,11544.2,0.58
2019-06-10,20.04,21.4,21.2,20.04,5294.08,0.49,2.37,21.308,21.928,21.543,9622.67,11959.1,12435.45,0.64
2019-06-06,21.2,21.3,20.71,20.61,13008.26,-0.49,-2.31,21.368,21.933,21.635,10248.22,12070.35,12946.14,1.57
2019-06-05,21.45,21.54,21.2,21.13,3661.0,-0.09,-0.42,21.648,21.927,21.743,9275.48,11391.22,12863.11,0.44
2019-06-04,22.14,22.15,21.29,21.13,9984.98,-0.85,-3.84,21.926,21.955,21.856,11181.83,11780.48,13311.71,1.2
2019-06-03,21.41,22.16,22.14,21.0,16165.05,0.64,2.98,22.356,22.006,22.018,14588.74,12146.69,13940.44,1.95
2019-05-31,21.78,22.29,21.5,21.33,8421.82,-0.61,-2.76,22.548,21.845,22.048,14295.53,11432.47,14294.88,1.02
2019-05-30,22.6,22.8,22.11,22.0,8144.54,-0.48,-2.12,22.498,21.74,22.237,13892.47,11967.81,15403.2,0.98
2019-05-29,22.66,23.09,22.59,22.27,13192.75,-0.85,-3.63,22.206,21.671,22.281,13506.97,11984.26,16180.97,1.59
2019-05-28,23.0,25.25,23.44,22.2,27019.52,0.34,1.47,21.984,21.552,22.26,12379.14,11636.38,16311.29,3.26
2019-05-27,21.23,23.3,23.1,21.0,14699.0,1.85,8.71,21.656,21.326,22.172,9704.63,12120.13,15938.77,1.77
2019-05-24,20.67,21.28,21.25,20.26,6406.56,0.6,2.91,21.142,21.157,22.085,8569.41,12911.8,15636.72,0.77
2019-05-23,21.2,21.45,20.65,20.49,6217.0,-0.83,-3.86,20.982,21.337,22.058,10043.15,13821.93,15758.5,0.75
2019-05-22,21.8,22.16,21.48,21.42,7553.61,-0.32,-1.47,21.136,21.559,22.081,10461.55,14335.0,16206.15,0.91
2019-05-21,20.4,21.91,21.8,20.4,13647.0,1.27,6.19,21.12,21.757,22.113,10893.63,14842.94,16749.14,1.65
2019-05-20,20.3,20.89,20.53,19.65,9022.86,0.08,0.39,20.996,22.029,22.088,14535.63,15734.19,16603.92,1.09
2019-05-17,21.6,21.96,20.45,20.01,13775.26,-0.97,-4.53,21.172,22.251,22.122,17254.19,17157.3,17021.96,1.66
2019-05-16,21.88,21.88,21.42,21.35,8309.0,0.02,0.09,21.692,22.734,22.153,17600.72,18838.59,17363.51,1.0
2019-05-15,21.17,21.69,21.4,21.1,9714.03,0.22,1.04,21.982,22.89,22.158,18208.46,20377.68,18044.5,1.17
2019-05-14,21.2,21.7,21.18,20.55,31857.0,-0.23,-1.07,22.394,22.968,22.212,18792.24,20986.2,19288.19,3.84
2019-05-13,22.7,22.93,21.41,20.81,22615.68,-1.64,-7.12,23.062,23.017,22.398,16932.74,19757.4,20824.31,2.73
2019-05-10,22.99,23.68,23.05,22.13,15507.88,0.18,0.79,23.33,23.012,22.52,17060.41,18361.64,19865.7,1.87
2019-05-09,23.06,23.43,22.87,22.0,11347.69,-0.59,-2.52,23.776,22.778,22.451,20076.46,17695.06,21401.61,1.37
2019-05-08,23.71,23.86,23.46,23.0,12632.95,-1.06,-4.32,23.798,22.603,22.292,22546.91,18077.3,21146.75,1.52
2019-05-07,22.65,24.58,24.52,22.61,22559.51,1.77,7.78,23.542,22.469,22.102,23180.16,18655.35,20905.6,2.72
2019-05-06,24.23,24.9,22.75,22.75,23254.0,-2.53,-10.01,22.972,22.147,21.856,22582.06,17473.65,20139.53,2.8
2019-04-30,23.44,25.28,25.28,22.76,30588.16,2.3,10.01,22.694,21.992,21.7,19662.86,16886.62,19302.48,3.69
2019-04-29,22.18,23.51,22.98,21.49,23699.93,0.8,3.61,21.78,21.572,21.425,15313.67,15888.43,18239.64,2.86
2019-04-26,21.63,22.6,22.18,21.05,15799.21,0.51,2.35,21.408,21.425,21.274,13607.68,15711.31,17537.84,1.91
2019-04-25,21.2,22.64,21.67,21.2,19569.02,0.31,1.45,21.396,21.455,21.11,14130.53,17590.18,17133.98,2.36
2019-04-24,20.71,21.5,21.36,20.51,8658.0,0.65,3.14,21.322,21.779,21.006,12365.23,21891.22,17000.6,1.04
2019-04-23,21.0,21.27,20.71,20.4,8842.17,-0.41,-1.94,21.29,22.027,20.893,14110.38,21369.76,17029.79,1.07
2019-04-22,21.93,22.78,21.12,21.05,15170.0,-1.0,-4.52,21.364,22.123,20.795,16463.19,25108.15,16995.79,1.83
2019-04-19,21.23,22.8,22.12,21.11,18413.46,0.82,3.85,21.442,21.981,20.638,17814.94,24216.2,16816.21,2.22
2019-04-18,21.15,21.6,21.3,21.06,10742.52,0.1,0.47,21.514,21.734,20.501,21049.83,23155.86,16535.54,1.3
2019-04-17,21.06,21.7,21.2,20.8,17383.73,0.12,0.57,22.236,21.564,20.387,31417.21,22805.4,16537.19,2.1
2019-04-16,21.1,21.3,21.08,20.18,20606.22,-0.43,-2.0,22.764,21.408,20.283,28629.15,21718.33,16311.01,2.48
2019-04-15,21.82,22.58,21.51,21.38,21928.77,-0.97,-4.32,22.882,21.277,20.181,33753.12,20590.86,16255.67,2.64
2019-04-12,24.28,24.3,22.48,22.42,34587.9,-2.43,-9.76,22.52,21.122,20.036,30617.46,19364.36,16078.19,4.17
2019-04-11,26.22,26.22,24.91,22.9,62579.41,1.07,4.49,21.954,20.764,19.885,25261.88,16677.78,16044.3,7.55
2019-04-10,23.84,23.84,23.84,23.84,3443.44,2.17,10.01,20.892,20.233,19.579,14193.6,12109.98,13827.21,0.42
2019-03-25,20.52,21.67,21.67,20.51,46226.07,1.97,10.0,20.052,19.759,19.259,14807.51,12689.81,14129.24,5.57
2019-03-22,19.6,19.79,19.7,19.29,6250.5,0.05,0.25,19.672,19.466,19.048,7428.6,8883.44,12355.73,0.75
2019-03-21,19.88,19.88,19.65,19.54,7809.99,0.05,0.26,19.724,19.294,18.902,8111.26,9416.22,12255.9,0.94
2019-03-20,19.99,19.99,19.6,18.89,7238.01,-0.04,-0.2,19.574,19.268,18.757,8093.67,9915.22,12211.39,0.87
2019-03-19,19.77,19.95,19.64,19.4,6513.0,-0.13,-0.66,19.574,19.21,18.61,10026.36,10268.98,12045.64,0.79
2019-03-18,20.16,20.48,19.77,19.45,9331.52,-0.19,-0.95,19.466,19.158,18.461,10572.11,10903.69,11975.32,1.13
2019-03-15,18.83,20.05,19.96,18.83,9663.79,1.06,5.61,19.26,19.085,18.299,10338.27,11920.49,11724.37,1.17
2019-03-14,19.36,20.07,18.9,18.75,7722.03,-0.7,-3.57,18.864,18.95,18.109,10721.17,12792.02,11376.87,0.93
2019-03-13,19.07,20.29,19.6,18.8,16901.48,0.5,2.62,18.962,19.005,17.964,11736.77,15410.83,11079.54,2.04
2019-03-12,19.0,19.25,19.1,18.75,9241.74,0.36,1.92,18.846,18.925,17.781,10511.59,15544.43,10398.14,1.11
2019-03-11,17.99,18.8,18.74,17.99,8162.3,0.76,4.23,18.85,18.758,17.619,11235.26,15568.66,10099.48,0.98
2019-03-08,19.16,19.16,17.98,17.98,11578.31,-1.41,-7.27,18.91,18.629,17.456,13502.71,15828.02,9783.19,1.4
2019-03-07,19.0,19.44,19.39,18.88,12800.0,0.37,1.95,19.036,18.509,17.311,14862.87,15095.59,9313.88,1.54
2019-03-06,19.09,19.12,19.02,18.65,10775.59,-0.1,-0.52,19.048,18.245,17.092,19084.89,14507.55,8808.43,1.3
2019-03-05,18.8,19.48,19.12,18.5,12860.11,0.08,0.42,19.004,18.009,16.901,20577.27,13822.3,8388.72,1.55
2019-03-04,18.57,19.19,19.04,18.2,19499.53,0.43,2.31,18.666,17.763,16.712,19902.05,13046.94,7942.61,2.35
2019-03-01,18.4,19.44,18.61,18.17,18379.12,-0.84,-4.32,18.348,17.512,16.562,18153.33,11528.26,7108.72,2.22
2019-02-28,19.75,20.68,19.45,19.33,33910.09,0.65,3.46,17.982,17.267,16.446,15328.31,9961.72,6330.12,4.09
2019-02-27,17.41,18.88,18.8,17.2,18237.52,1.37,7.86,17.442,16.922,16.288,9930.22,6748.26,4692.12,2.2
2019-02-26,17.48,17.88,17.43,17.23,9484.01,-0.02,-0.12,17.014,16.636,16.163,7067.32,5251.85,3846.84,1.14
2019-02-25,17.17,17.96,17.45,17.15,10755.9,0.67,3.99,16.86,16.479,16.106,6191.83,4630.3,3454.24,1.3
2019-02-22,16.44,16.96,16.78,16.44,4254.02,0.03,0.18,16.676,16.282,16.062,4903.19,3738.37,3004.09,0.51
2019-02-21,16.66,17.25,16.75,16.66,6919.64,0.09,0.54,16.552,16.113,16.052,4595.13,3532.16,2870.79,0.83
2019-02-20,16.66,16.83,16.66,16.53,3923.02,0.0,0.0,16.402,15.938,16.037,3566.3,3109.3,2609.31,0.47
2019-02-19,16.53,16.75,16.66,16.32,5106.59,0.13,0.79,16.258,15.793,16.039,3436.38,2955.14,2512.66,0.62
2019-02-18,16.16,16.64,16.53,16.16,4312.67,0.37,2.29,16.098,15.661,16.042,3068.76,2838.28,2380.38,0.52
2019-02-15,16.01,16.21,16.16,15.88,2713.74,0.16,1.0,15.888,15.611,16.042,2573.54,2689.17,2268.8,0.33
2019-02-14,15.94,16.17,16.0,15.83,1775.46,0.06,0.38,15.674,15.624,16.069,2469.2,2698.52,2229.72,0.21
2019-02-13,15.8,16.06,15.94,15.58,3273.46,0.08,0.5,15.474,15.654,16.103,2652.3,2635.97,2237.55,0.39
2019-02-12,15.61,16.08,15.86,15.15,3268.47,0.38,2.46,15.328,15.689,16.145,2473.89,2441.83,2243.07,0.39
2019-02-11,15.15,15.58,15.48,14.85,1836.59,0.39,2.58,15.224,15.732,16.193,2607.8,2278.18,2384.17,0.22
2019-02-01,14.97,15.27,15.09,14.7,2192.0,0.09,0.6,15.334,15.842,16.28,2804.8,2269.82,2553.03,0.26
2019-01-31,15.06,15.5,15.0,14.05,2691.0,-0.21,-1.38,15.574,15.991,16.355,2927.84,2209.42,2584.18,0.32
2019-01-30,15.32,15.32,15.21,15.03,2381.4,-0.13,-0.85,15.834,16.135,16.418,2619.64,2109.32,2556.98,0.29
2019-01-29,15.95,15.95,15.34,15.0,3938.01,-0.69,-4.3,16.05,16.285,16.46,2409.76,2070.18,2509.11,0.47
2019-01-28,16.2,16.49,16.03,16.01,2821.6,-0.26,-1.6,16.24,16.422,16.495,1948.56,1922.48,2395.76,0.34
2019-01-25,16.3,16.43,16.29,16.27,2807.2,-0.01,-0.06,16.35,16.473,16.495,1734.84,1848.42,2353.43,0.34
2019-01-24,16.42,16.42,16.3,16.22,1150.0,0.01,0.06,16.408,16.513,16.496,1491.0,1760.92,2294.77,0.14
2019-01-23,16.36,16.36,16.29,16.2,1332.0,0.0,0.0,16.436,16.552,16.489,1599.0,1839.12,2352.02,0.16
2019-01-22,16.5,16.61,16.29,16.28,1632.0,-0.29,-1.75,16.52,16.601,16.497,1730.6,2044.32,2400.77,0.2
2019-01-21,16.42,16.68,16.58,16.42,1753.01,0.0,0.0,16.604,16.653,16.496,1896.4,2490.17,2435.02,0.21
2019-01-18,16.44,16.66,16.58,16.44,1588.0,0.14,0.85,16.596,16.717,16.489,1962.0,2836.24,2471.27,0.19
2019-01-17,16.78,16.78,16.44,16.4,1690.0,-0.27,-1.62,16.618,16.719,16.482,2030.84,2958.94,2690.07,0.2
2019-01-16,16.7,16.83,16.71,16.55,1990.0,0.0,0.0,16.668,16.7,16.505,2079.24,3004.64,2947.72,0.24
2019-01-15,16.46,16.72,16.71,16.4,2461.0,0.17,1.03,16.682,16.635,16.548,2358.04,2948.04,3664.24,0.3
2019-01-14,16.92,16.92,16.54,16.49,2081.0,-0.15,-0.9,16.702,16.567,16.625,3083.93,2869.04,4211.25,0.25
2019-01-11,16.69,16.84,16.69,16.49,1932.18,0.0,0.0,16.838,16.516,16.651,3710.48,2858.44,4459.79,0.23
2019-01-10,16.85,17.13,16.69,16.66,1932.0,-0.09,-0.54,16.82,16.478,16.645,3887.04,2828.62,4503.19,0.23
2019-01-09,16.82,17.0,16.78,16.72,3384.0,-0.03,-0.18,16.732,16.426,16.65,3930.04,2864.92,4744.96,0.41
2019-01-08,17.1,17.2,16.81,16.8,6090.46,-0.41,-2.38,16.588,16.393,16.612,3538.04,2757.22,4791.08,0.73
2019-01-07,16.61,17.4,17.22,16.46,5213.76,0.62,3.73,16.432,16.339,16.588,2654.15,2379.88,4741.51,0.63
2019-01-04,16.3,16.8,16.6,16.01,2815.0,0.35,2.15,16.194,16.261,16.565,2006.4,2106.3,4790.53,0.34
2019-01-03,16.06,16.32,16.25,16.0,2147.0,0.19,1.18,16.136,16.244,16.573,1770.2,2421.2,4810.08,0.26
2019-01-02,16.05,16.24,16.06,16.01,1424.0,0.03,0.19,16.12,16.31,16.605,1799.8,2890.81,4906.72,0.17
2018-12-28,15.73,16.26,16.03,15.73,1671.0,0.0,0.0,16.198,16.46,16.638,1976.4,4380.45,5042.16,0.2
2018-12-27,16.61,16.61,16.03,16.03,1975.0,-0.28,-1.72,16.246,16.683,16.648,2105.6,5553.46,5114.84,0.24
2018-12-26,16.18,16.45,16.31,16.16,1634.0,0.14,0.87,16.328,16.785,16.665,2206.2,6061.14,5214.94,0.2
2018-12-25,16.42,16.42,16.17,15.92,2295.0,-0.28,-1.7,16.352,16.811,16.694,3072.2,6177.76,5402.73,0.28
2018-12-24,16.29,16.5,16.45,16.08,2307.0,0.18,1.11,16.5,16.874,16.743,3981.81,6625.0,5600.78,0.28
2018-12-21,16.42,16.53,16.27,16.17,2317.0,-0.17,-1.03,16.722,16.83,16.745,6784.49,6824.93,5617.3,0.28
2018-12-20,16.49,16.64,16.44,16.3,2478.0,0.01,0.06,17.12,16.836,16.756,9001.32,7103.15,5838.95,0.3
2018-12-19,16.92,16.92,16.43,16.32,5964.0,-0.48,-2.84,17.242,16.869,16.796,9916.08,7474.77,5849.85,0.72
2018-12-18,17.4,17.4,16.91,16.83,6843.06,-0.65,-3.7,17.27,16.902,16.825,9283.31,7198.97,5712.67,0.82
2018-12-17,17.6,18.11,17.56,17.25,16320.41,-0.7,-3.83,17.248,16.9,16.825,9268.19,6922.63,5616.07,1.97
2018-12-14,16.94,18.5,18.26,16.46,13401.15,1.21,7.1,16.938,16.816,16.814,6865.37,5703.88,5250.19,1.61
2018-12-13,16.59,17.2,17.05,16.41,7051.8,0.48,2.9,16.552,16.612,16.768,5204.97,4676.21,5094.87,0.85
2018-12-12,16.8,16.81,16.57,16.52,2800.15,-0.23,-1.37,16.496,16.545,16.77,5033.45,4368.73,5257.48,0.34
2018-12-11,16.07,16.86,16.8,16.07,6767.45,0.79,4.93,16.534,16.576,16.8,5114.62,4627.7,5703.21,0.82
2018-12-10,16.13,16.21,16.01,15.8,4306.3,-0.32,-1.96,16.552,16.612,16.816,4577.07,4576.56,6061.29,0.52
2018-12-07,16.67,16.89,16.33,16.3,5099.15,-0.44,-2.62,16.694,16.659,16.845,4542.39,4409.66,6329.38,0.61
2018-12-06,16.76,17.1,16.77,16.64,6194.21,0.01,0.06,16.672,16.675,16.838,4147.45,4574.76,6308.56,0.75
2018-12-05,16.7,17.0,16.76,16.55,3206.0,-0.13,-0.77,16.594,16.722,16.814,3704.01,4224.93,6427.63,0.39
2018-12-04,16.72,17.0,16.89,16.52,4079.67,0.17,1.02,16.618,16.747,16.782,4140.78,4226.37,6839.69,0.49
2018-12-03,16.39,16.87,16.72,16.39,4132.9,0.5,3.08,16.672,16.75,16.751,4576.05,4309.5,7081.57,0.5
2018-11-30,16.18,16.6,16.22,15.96,3124.47,-0.16,-0.98,16.624,16.811,16.73,4276.93,4796.51,7741.19,0.38
2018-11-29,16.93,17.04,16.38,16.32,3977.0,-0.5,-2.96,16.678,16.924,16.707,5002.06,5513.53,8214.71,0.48
2018-11-28,17.16,17.18,16.88,16.67,5389.86,-0.28,-1.63,16.85,16.995,16.663,4745.86,6146.24,8295.72,0.65
2018-11-27,16.46,17.5,17.16,16.46,6256.0,0.68,4.13,16.876,17.024,16.596,4311.96,6778.71,8345.28,0.75
2018-11-26,16.8,16.85,16.48,16.35,2637.34,-0.01,-0.06,16.828,17.02,16.518,4042.96,7546.02,8565.33,0.32
2018-11-23,17.48,17.48,16.49,16.49,6750.1,-0.75,-4.35,16.998,17.031,16.469,5316.09,8249.09,9426.99,0.81
2018-11-22,17.23,17.29,17.24,17.04,2696.0,0.23,1.35,17.17,17.0,16.439,6025.01,8042.37,9201.63,0.32
2018-11-21,16.91,17.16,17.01,16.65,3220.34,0.09,0.53,17.14,16.906,16.369,7546.61,8630.33,9394.23,0.39
2018-11-20,17.33,17.48,16.92,16.8,4911.0,-0.41,-2.37,17.172,16.817,16.318,9245.47,9453.02,9567.67,0.59
2018-11-19,17.49,18.15,17.33,17.3,9003.0,-0.02,-0.12,17.212,16.751,16.272,11049.08,9853.64,9512.62,1.08
2018-11-16,17.16,17.5,17.35,16.93,10294.69,0.26,1.52,17.064,16.649,16.211,11182.1,10685.88,9578.42,1.24
2018-11-15,17.43,17.43,17.09,16.8,10304.03,-0.08,-0.47,16.83,16.49,16.136,10059.73,10915.9,9413.08,1.24
2018-11-14,17.2,17.53,17.17,17.0,11714.64,0.05,0.29,16.672,16.331,16.062,9714.05,10445.2,9257.03,1.41
2018-11-13,16.6,17.68,17.12,16.5,13929.04,0.53,3.19,16.462,16.168,15.986,9660.56,9911.84,9045.19,1.68
2018-11-12,16.32,16.68,16.59,16.15,9668.1,0.41,2.53,16.29,16.016,15.911,8658.19,9584.63,8640.84,1.16
2018-11-09,16.02,16.38,16.18,16.0,4682.82,-0.12,-0.74,16.234,15.906,15.873,10189.66,10604.88,8363.62,0.56
2018-11-08,16.16,16.48,16.3,16.16,8575.64,0.18,1.12,16.15,15.878,15.859,11772.07,10360.9,8368.08,1.03
2018-11-07,16.06,16.48,16.12,16.06,11447.2,-0.14,-0.86,15.99,15.832,15.845,11176.34,10158.14,8224.06,1.38
2018-11-06,16.01,16.48,16.26,15.61,8917.2,-0.05,-0.31,15.874,15.818,15.839,10163.11,9682.32,7848.76,1.07
2018-11-05,16.0,16.68,16.31,15.79,17325.42,0.55,3.49,15.742,15.792,15.837,10511.07,9171.6,7504.6,2.09
2018-11-02,15.5,15.94,15.76,15.39,12594.87,0.26,1.68,15.578,15.772,15.867,11020.11,8470.96,6788.18,1.52
2018-11-01,15.63,15.63,15.5,15.43,5597.02,-0.04,-0.26,15.606,15.782,15.92,8949.74,7910.27,6460.05,0.67
2018-10-31,15.5,15.68,15.54,15.39,6381.06,-0.06,-0.39,15.674,15.793,15.999,9139.93,8068.87,6448.38,0.77
2018-10-30,15.49,15.96,15.6,14.7,10657.0,0.11,0.71,15.762,15.803,16.089,9201.52,8178.54,6320.72,1.28
2018-10-29,17.49,17.49,15.49,15.36,19870.6,-0.41,-2.58,15.842,15.805,16.179,7832.12,7697.04,5995.37,2.39
2018-09-28,15.8,16.12,15.9,15.73,2243.0,0.06,0.38,15.966,15.84,16.274,5921.8,6122.35,5184.59,0.27
2018-09-27,15.98,16.18,15.84,15.66,6548.01,-0.14,-0.88,15.958,15.84,16.37,6870.8,6375.25,5220.09,0.79
2018-09-26,15.9,16.2,15.98,15.85,6689.0,-0.02,-0.12,15.912,15.858,16.476,6997.8,6289.98,5003.39,0.81
2018-09-25,16.09,16.17,16.0,15.82,3810.0,-0.11,-0.68,15.844,15.86,16.582,7155.57,6015.2,4968.26,0.46
2018-09-21,15.86,16.26,16.11,15.8,10319.0,0.25,1.58,15.768,15.882,16.688,7561.97,5837.6,5087.29,1.24
2018-09-20,15.61,15.88,15.86,15.54,6988.0,0.25,1.6,15.714,15.962,16.788,6322.9,5105.4,4749.94,0.84
2018-09-19,15.5,15.76,15.61,15.33,7183.0,-0.03,-0.19,15.722,16.058,16.907,5879.7,5009.84,4574.64,0.87
2018-09-18,15.63,15.79,15.64,15.01,7477.83,0.02,0.13,15.804,16.204,17.043,5582.15,4827.9,4390.07,0.9
2018-09-17,15.83,15.89,15.62,15.46,5842.0,-0.22,-1.39,15.876,16.375,17.182,4874.84,4462.91,4318.23,0.7
2018-09-14,15.92,15.96,15.84,15.6,4123.69,-0.06,-0.38,15.996,16.553,17.328,4113.24,4293.69,4257.68,0.5
2018-09-13,15.96,16.06,15.9,15.84,4772.0,-0.12,-0.75,16.21,16.707,17.461,3887.9,4246.82,4458.95,0.57
2018-09-12,15.98,16.02,16.02,15.73,5695.24,0.02,0.12,16.394,16.9,17.595,4139.97,4064.92,5005.16,0.69
2018-09-11,16.3,16.59,16.0,15.8,3941.25,-0.22,-1.36,16.604,17.094,17.696,4073.64,3716.8,5001.5,0.47
2018-09-10,16.91,16.91,16.22,16.22,2034.0,-0.69,-4.08,16.874,17.304,17.81,4050.97,3921.32,5072.63,0.25
2018-09-07,16.82,16.99,16.91,16.75,2997.0,0.09,0.54,17.11,17.494,17.914,4474.14,4336.97,5400.66,0.36
2018-09-06,16.62,16.97,16.82,16.6,6032.36,-0.25,-1.47,17.204,17.613,17.982,4605.74,4394.47,6113.46,0.73
2018-09-05,17.35,17.44,17.07,16.92,5363.58,-0.28,-1.61,17.406,17.755,18.083,3989.88,4139.44,8115.56,0.65
2018-09-04,17.5,17.5,17.35,17.3,3827.93,-0.05,-0.29,17.584,17.882,18.24,3359.96,3952.25,10382.93,0.46
2018-09-03,17.38,17.58,17.4,17.32,4149.83,0.02,0.12,17.734,17.988,18.39,3791.67,4173.56,10987.98,0.5
2018-08-31,17.61,17.89,17.38,17.37,3655.0,-0.45,-2.52,17.878,18.103,18.514,4199.8,4221.68,11773.44,0.44
2018-08-30,17.82,18.09,17.83,17.82,2953.04,-0.13,-0.72,18.022,18.215,18.573,4183.2,4671.08,12200.72,0.36
2018-08-29,18.1,18.1,17.96,17.88,2214.0,-0.14,-0.77,18.104,18.29,18.614,4289.0,5945.4,12714.49,0.27
2018-08-28,18.11,18.14,18.1,18.01,5986.46,-0.02,-0.11,18.18,18.297,18.653,4544.54,6286.2,13332.16,0.72
2018-08-27,18.15,18.32,18.12,18.03,6190.51,0.02,0.11,18.242,18.316,18.688,4555.45,6223.95,13791.27,0.75
2018-08-24,18.11,18.28,18.1,18.02,3572.0,-0.14,-0.77,18.328,18.333,18.725,4243.55,6464.34,14297.98,0.43
2018-08-23,18.34,18.42,18.24,18.08,3482.02,-0.1,-0.55,18.408,18.35,18.77,5158.95,7832.45,15064.13,0.42
2018-08-22,18.4,18.72,18.34,18.14,3491.72,-0.07,-0.38,18.476,18.411,18.811,7601.79,12091.68,15955.06,0.42
2018-08-21,18.55,18.78,18.41,18.3,6041.0,-0.14,-0.76,18.414,18.597,18.85,8027.85,16813.6,16993.67,0.73
2018-08-20,18.45,18.96,18.55,18.02,4631.0,0.05,0.27,18.39,18.791,18.89,7892.45,17802.41,17989.37,0.56
2018-08-17,18.58,18.69,18.5,18.01,8149.0,-0.08,-0.43,18.338,18.924,18.924,8685.14,19325.2,19325.2,0.98
2018-08-16,18.28,18.9,18.58,18.19,15696.24,0.55,3.05,18.292,18.971,18.971,10505.96,20567.0,20567.0,1.89
2018-08-15,18.21,18.38,18.03,17.99,5622.0,-0.26,-1.42,18.346,19.02,19.02,16581.57,21175.85,21175.85,0.68
2018-08-14,18.46,18.46,18.29,18.12,5364.0,0.0,0.0,18.78,19.161,19.161,25599.36,23397.83,23397.83,0.65
2018-08-13,18.09,18.47,18.29,17.56,8594.46,0.02,0.11,19.192,19.307,19.307,27712.37,26403.46,26403.46,1.04
2018-08-10,18.39,18.75,18.27,18.03,17253.09,-0.58,-3.08,19.51,19.51,19.51,29965.26,29965.26,29965.26,2.08
2018-08-09,18.18,19.27,18.85,18.18,46074.31,-1.35,-6.68,19.82,19.82,19.82,33143.31,33143.31,33143.31,5.55
2018-08-08,20.36,20.7,20.2,19.83,50710.92,-0.15,-0.74,20.143,20.143,20.143,28832.97,28832.97,28832.97,6.11
2018-08-07,19.9,20.45,20.35,19.52,15929.09,0.47,2.36,20.115,20.115,20.115,17894.0,17894.0,17894.0,1.92
2018-08-06,19.17,19.95,19.88,18.93,19858.91,0.72,3.76,19.88,19.88,19.88,19858.91,19858.91,19858.91,2.39
